"Name","Platform","Compiles","CompilesDouble","Uses","UsesDouble","PermutationString"
"Globals","0","2","0","0","0",""
"/Water/Materials/WaterInfo/DrawWaterInfo.DrawWaterInfo","0","8","0","1","43","Compiling DrawWaterInfo: Platform=PCD3D_SM5, Usage=LightingModel=MSM_Unlit, BlendMode=BLEND_Opaque, SpecialEngine=0, TwoSided=0, TSNormal=1, Masked=0, Distorted=0, WritesEveryPixel=1, ModifiesMeshPosition=0, Usage={bUsedWithSplineMeshes}"
"/Game/Assets/Material_007.Material_007","0","14","0","1","118","Compiling Material_007: Platform=PCD3D_SM5, Usage=LightingModel=MSM_DefaultLit, BlendMode=BLEND_Opaque, SpecialEngine=0, TwoSided=0, TSNormal=1, Masked=0, Distorted=0, WritesEveryPixel=1, ModifiesMeshPosition=0, Usage={}"
"/Game/Assets/Material_008.Material_008","0","14","0","1","118","Compiling Material_008: Platform=PCD3D_SM5, Usage=LightingModel=MSM_DefaultLit, BlendMode=BLEND_Opaque, SpecialEngine=0, TwoSided=0, TSNormal=1, Masked=0, Distorted=0, WritesEveryPixel=1, ModifiesMeshPosition=0, Usage={}"
"/Engine/EngineMaterials/WorldGridMaterial.WorldGridMaterial","0","711","0","1","40944","Compiling WorldGridMaterial: Platform=PCD3D_SM5, Usage=LightingModel=MSM_DefaultLit, BlendMode=BLEND_Opaque, SpecialEngine=1, TwoSided=0, TSNormal=1, Masked=0, Distorted=0, WritesEveryPixel=1, ModifiesMeshPosition=0, Usage={}"
"/Game/MSPresets/M_MS_Default_Fuzz_Material/M_MS_Default_Fuzz_Material.M_MS_Default_Fuzz_Material","0","14","0","1","85","Compiling M_MS_Default_Fuzz_Material: Platform=PCD3D_SM5, Usage=LightingModel=MSM_Cloth, BlendMode=BLEND_Opaque, SpecialEngine=0, TwoSided=0, TSNormal=1, Masked=0, Distorted=0, WritesEveryPixel=1, ModifiesMeshPosition=0, Usage={bUsedWithNanite}"
"/ControlRig/Controls/ControlRigGizmoMaterial.ControlRigGizmoMaterial","0","0","0","4","0","Compiling ControlRigGizmoMaterial: Platform=PCD3D_SM5, Usage=LightingModel=MSM_Unlit, BlendMode=BLEND_Opaque, SpecialEngine=0, TwoSided=0, TSNormal=1, Masked=0, Distorted=0, WritesEveryPixel=1, ModifiesMeshPosition=0, Usage={}"
"/ControlRig/Controls/ControlRigXRayMaterial.ControlRigXRayMaterial","0","0","0","9","0","Compiling ControlRigXRayMaterial: Platform=PCD3D_SM5, Usage=LightingModel=MSM_Unlit, BlendMode=BLEND_Translucent, SpecialEngine=0, TwoSided=0, TSNormal=1, Masked=0, Distorted=0, WritesEveryPixel=1, ModifiesMeshPosition=1, Usage={bUsedWithStaticLighting}"
"/MeshModelingToolset/Materials/M_DynamicMeshComponentVtxColor.M_DynamicMeshComponentVtxColor","0","0","0","18","0","Compiling M_DynamicMeshComponentVtxColor: Platform=PCD3D_SM5, Usage=LightingModel=MSM_DefaultLit, BlendMode=BLEND_Opaque, SpecialEngine=0, TwoSided=1, TSNormal=1, Masked=0, Distorted=0, WritesEveryPixel=1, ModifiesMeshPosition=0, Usage={}"
"/Paper2D/DefaultSpriteMaterial.DefaultSpriteMaterial","0","0","0","34","0","Compiling DefaultSpriteMaterial: Platform=PCD3D_SM5, Usage=LightingModel=MSM_Unlit, BlendMode=BLEND_Masked, SpecialEngine=0, TwoSided=1, TSNormal=1, Masked=1, Distorted=0, WritesEveryPixel=0, ModifiesMeshPosition=0, Usage={bUsedWithNiagaraSprites}"
"/Paper2D/DefaultSpriteMaterial.DefaultSpriteMaterial","0","0","0","12","0","Compiling DefaultSpriteMaterial: Platform=PCD3D_SM5, Usage=LightingModel=MSM_Unlit, BlendMode=BLEND_Opaque, SpecialEngine=0, TwoSided=1, TSNormal=1, Masked=0, Distorted=0, WritesEveryPixel=1, ModifiesMeshPosition=0, Usage={bUsedWithNiagaraSprites}"
"/ControlRig/M_Manip.M_Manip","0","0","0","9","0","Compiling M_Manip: Platform=PCD3D_SM5, Usage=LightingModel=MSM_Unlit, BlendMode=BLEND_Translucent, SpecialEngine=0, TwoSided=0, TSNormal=1, Masked=0, Distorted=0, WritesEveryPixel=1, ModifiesMeshPosition=1, Usage={}"
"/Engine/EngineDebugMaterials/DebugEditorMaterial.DebugEditorMaterial","0","0","0","6","0","Compiling DebugEditorMaterial: Platform=PCD3D_SM5, Usage=LightingModel=MSM_Unlit, BlendMode=BLEND_Opaque, SpecialEngine=0, TwoSided=1, TSNormal=1, Masked=0, Distorted=0, WritesEveryPixel=1, ModifiesMeshPosition=0, Usage={}"
"/Engine/EngineMaterials/GizmoMaterial.GizmoMaterial","0","0","0","6","0","Compiling GizmoMaterial: Platform=PCD3D_SM5, Usage=LightingModel=MSM_Unlit, BlendMode=BLEND_Opaque, SpecialEngine=0, TwoSided=1, TSNormal=1, Masked=0, Distorted=0, WritesEveryPixel=1, ModifiesMeshPosition=0, Usage={}"
"/SpeedTreeImporter/SpeedTree9/SpeedTreeBillboardMaster.SpeedTreeBillboardMaster","0","0","0","58","0","Compiling SpeedTreeBillboardMaster: Platform=PCD3D_SM5, Usage=LightingModel=MSM_TwoSidedFoliage, BlendMode=BLEND_Masked, SpecialEngine=0, TwoSided=0, TSNormal=1, Masked=1, Distorted=0, WritesEveryPixel=0, ModifiesMeshPosition=1, Usage={bUsedWithInstancedStaticMeshes}"
"/SpeedTreeImporter/SpeedTree9/SpeedTreeMaster.SpeedTreeMaster","0","0","0","84","0","Compiling SpeedTreeMaster: Platform=PCD3D_SM5, Usage=LightingModel=MSM_TwoSidedFoliage, BlendMode=BLEND_Masked, SpecialEngine=0, TwoSided=1, TSNormal=1, Masked=1, Distorted=0, WritesEveryPixel=0, ModifiesMeshPosition=1, Usage={bUsedWithStaticLighting,bUsedWithInstancedStaticMeshes}"
"/Game/Characters/Mannequins/Materials/M_Mannequin.M_Mannequin","0","0","0","32","0","Compiling M_Mannequin: Platform=PCD3D_SM5, Usage=LightingModel=MSM_ClearCoat, BlendMode=BLEND_Opaque, SpecialEngine=0, TwoSided=0, TSNormal=1, Masked=0, Distorted=0, WritesEveryPixel=1, ModifiesMeshPosition=0, Usage={bUsedWithSkeletalMesh}"
"/Game/Characters/Mannequins/Materials/M_Mannequin.M_Mannequin","0","0","0","32","0","Compiling M_Mannequin: Platform=PCD3D_SM5, Usage=LightingModel=MSM_ClearCoat, BlendMode=BLEND_Opaque, SpecialEngine=0, TwoSided=0, TSNormal=1, Masked=0, Distorted=0, WritesEveryPixel=1, ModifiesMeshPosition=0, Usage={bUsedWithSkeletalMesh}, StaticSwitch'UseLogo2-1'=True"
"/Engine/EngineMaterials/Widget3DPassThrough.Widget3DPassThrough","0","0","0","5","0","Compiling Widget3DPassThrough: Platform=PCD3D_SM5, Usage=LightingModel=MSM_Unlit, BlendMode=BLEND_Translucent, SpecialEngine=0, TwoSided=0, TSNormal=1, Masked=0, Distorted=0, WritesEveryPixel=1, ModifiesMeshPosition=0, Usage={}"
"/Engine/EngineMaterials/Widget3DPassThrough.Widget3DPassThrough","0","0","0","4","0","Compiling Widget3DPassThrough: Platform=PCD3D_SM5, Usage=LightingModel=MSM_Unlit, BlendMode=BLEND_Opaque, SpecialEngine=0, TwoSided=0, TSNormal=1, Masked=0, Distorted=0, WritesEveryPixel=1, ModifiesMeshPosition=0, Usage={}"
"/Engine/EngineMaterials/Widget3DPassThrough.Widget3DPassThrough","0","0","0","17","0","Compiling Widget3DPassThrough: Platform=PCD3D_SM5, Usage=LightingModel=MSM_Unlit, BlendMode=BLEND_Masked, SpecialEngine=0, TwoSided=0, TSNormal=1, Masked=1, Distorted=0, WritesEveryPixel=0, ModifiesMeshPosition=0, Usage={}"
"/Engine/EngineMaterials/Widget3DPassThrough.Widget3DPassThrough","0","0","0","7","0","Compiling Widget3DPassThrough: Platform=PCD3D_SM5, Usage=LightingModel=MSM_Unlit, BlendMode=BLEND_Translucent, SpecialEngine=0, TwoSided=1, TSNormal=1, Masked=0, Distorted=0, WritesEveryPixel=1, ModifiesMeshPosition=0, Usage={}"
"/Engine/EngineMaterials/Widget3DPassThrough.Widget3DPassThrough","0","0","0","6","0","Compiling Widget3DPassThrough: Platform=PCD3D_SM5, Usage=LightingModel=MSM_Unlit, BlendMode=BLEND_Opaque, SpecialEngine=0, TwoSided=1, TSNormal=1, Masked=0, Distorted=0, WritesEveryPixel=1, ModifiesMeshPosition=0, Usage={}"
"/Engine/EngineMaterials/Widget3DPassThrough.Widget3DPassThrough","0","0","0","17","0","Compiling Widget3DPassThrough: Platform=PCD3D_SM5, Usage=LightingModel=MSM_Unlit, BlendMode=BLEND_Masked, SpecialEngine=0, TwoSided=1, TSNormal=1, Masked=1, Distorted=0, WritesEveryPixel=0, ModifiesMeshPosition=0, Usage={}"
"/Engine/EngineMaterials/RemoveSurfaceMaterial.RemoveSurfaceMaterial","0","0","0","4","0","Compiling RemoveSurfaceMaterial: Platform=PCD3D_SM5, Usage=LightingModel=MSM_Unlit, BlendMode=BLEND_Opaque, SpecialEngine=0, TwoSided=0, TSNormal=1, Masked=0, Distorted=0, WritesEveryPixel=1, ModifiesMeshPosition=0, Usage={bUsedWithStaticLighting}"
"/Engine/EditorMaterials/PhAT_NoCollisionMaterial.PhAT_NoCollisionMaterial","0","0","0","5","0","Compiling PhAT_NoCollisionMaterial: Platform=PCD3D_SM5, Usage=LightingModel=MSM_Unlit, BlendMode=BLEND_Translucent, SpecialEngine=0, TwoSided=0, TSNormal=1, Masked=0, Distorted=0, WritesEveryPixel=1, ModifiesMeshPosition=0, Usage={}"
"/Engine/EngineDebugMaterials/DebugMeshMaterial.DebugMeshMaterial","0","0","0","7","0","Compiling DebugMeshMaterial: Platform=PCD3D_SM5, Usage=LightingModel=MSM_Unlit, BlendMode=BLEND_Translucent, SpecialEngine=0, TwoSided=1, TSNormal=1, Masked=0, Distorted=0, WritesEveryPixel=1, ModifiesMeshPosition=0, Usage={}"
"/Interchange/gltf/M_Opaque.M_Opaque","0","0","0","29","0","Compiling M_Opaque: Platform=PCD3D_SM5, Usage=LightingModel=MSM_DefaultLit|MSM_ClearCoat, BlendMode=BLEND_Masked, SpecialEngine=0, TwoSided=1, TSNormal=1, Masked=1, Distorted=0, WritesEveryPixel=0, ModifiesMeshPosition=0, Usage={}, StaticSwitch'Using Clearcoat2-1'=False, StaticSwitch'Using SpecularGlossiness2-1'=False"
"/Interchange/gltf/M_Opaque.M_Opaque","0","0","0","29","0","Compiling M_Opaque: Platform=PCD3D_SM5, Usage=LightingModel=MSM_DefaultLit|MSM_ClearCoat, BlendMode=BLEND_Masked, SpecialEngine=0, TwoSided=0, TSNormal=1, Masked=1, Distorted=0, WritesEveryPixel=0, ModifiesMeshPosition=0, Usage={}, StaticSwitch'Using Clearcoat2-1'=True, StaticSwitch'Using SpecularGlossiness2-1'=False"
"/Interchange/gltf/M_Opaque.M_Opaque","0","0","0","29","0","Compiling M_Opaque: Platform=PCD3D_SM5, Usage=LightingModel=MSM_DefaultLit|MSM_ClearCoat, BlendMode=BLEND_Masked, SpecialEngine=0, TwoSided=0, TSNormal=1, Masked=1, Distorted=0, WritesEveryPixel=0, ModifiesMeshPosition=0, Usage={}, StaticSwitch'Using Clearcoat2-1'=False, StaticSwitch'Using SpecularGlossiness2-1'=True"
"/Interchange/gltf/M_Opaque.M_Opaque","0","0","0","29","0","Compiling M_Opaque: Platform=PCD3D_SM5, Usage=LightingModel=MSM_DefaultLit|MSM_ClearCoat, BlendMode=BLEND_Masked, SpecialEngine=0, TwoSided=0, TSNormal=1, Masked=1, Distorted=0, WritesEveryPixel=0, ModifiesMeshPosition=0, Usage={}, StaticSwitch'Using Clearcoat2-1'=True, StaticSwitch'Using SpecularGlossiness2-1'=True"
"/Interchange/gltf/M_Opaque.M_Opaque","0","0","0","29","0","Compiling M_Opaque: Platform=PCD3D_SM5, Usage=LightingModel=MSM_DefaultLit|MSM_ClearCoat, BlendMode=BLEND_Masked, SpecialEngine=0, TwoSided=1, TSNormal=1, Masked=1, Distorted=0, WritesEveryPixel=0, ModifiesMeshPosition=0, Usage={}, StaticSwitch'Using Clearcoat2-1'=True, StaticSwitch'Using SpecularGlossiness2-1'=False"
"/Interchange/gltf/M_Opaque.M_Opaque","0","0","0","29","0","Compiling M_Opaque: Platform=PCD3D_SM5, Usage=LightingModel=MSM_DefaultLit|MSM_ClearCoat, BlendMode=BLEND_Masked, SpecialEngine=0, TwoSided=1, TSNormal=1, Masked=1, Distorted=0, WritesEveryPixel=0, ModifiesMeshPosition=0, Usage={}, StaticSwitch'Using Clearcoat2-1'=True, StaticSwitch'Using SpecularGlossiness2-1'=True"
"/Interchange/gltf/M_Opaque.M_Opaque","0","0","0","29","0","Compiling M_Opaque: Platform=PCD3D_SM5, Usage=LightingModel=MSM_DefaultLit|MSM_ClearCoat, BlendMode=BLEND_Masked, SpecialEngine=0, TwoSided=1, TSNormal=1, Masked=1, Distorted=0, WritesEveryPixel=0, ModifiesMeshPosition=0, Usage={}, StaticSwitch'Using Clearcoat2-1'=False, StaticSwitch'Using SpecularGlossiness2-1'=True"
"/Interchange/gltf/M_Opaque.M_Opaque","0","0","0","29","0","Compiling M_Opaque: Platform=PCD3D_SM5, Usage=LightingModel=MSM_DefaultLit|MSM_ClearCoat, BlendMode=BLEND_Masked, SpecialEngine=0, TwoSided=0, TSNormal=1, Masked=1, Distorted=0, WritesEveryPixel=0, ModifiesMeshPosition=0, Usage={}"
"/Engine/EditorMaterials/PhAT_UnselectedMaterial.PhAT_UnselectedMaterial","0","0","0","5","0","Compiling PhAT_UnselectedMaterial: Platform=PCD3D_SM5, Usage=LightingModel=MSM_Unlit, BlendMode=BLEND_Translucent, SpecialEngine=0, TwoSided=0, TSNormal=1, Masked=0, Distorted=0, WritesEveryPixel=1, ModifiesMeshPosition=0, Usage={}"
"/Engine/EditorLandscapeResources/SplineEditorMeshMat.SplineEditorMeshMat","0","0","0","12","0","Compiling SplineEditorMeshMat: Platform=PCD3D_SM5, Usage=LightingModel=MSM_Unlit, BlendMode=BLEND_Opaque, SpecialEngine=0, TwoSided=1, TSNormal=1, Masked=0, Distorted=0, WritesEveryPixel=1, ModifiesMeshPosition=0, Usage={bUsedWithSplineMeshes}"
"/Engine/EngineDebugMaterials/M_SimpleUnlitTranslucent.M_SimpleUnlitTranslucent","0","0","0","5","0","Compiling M_SimpleUnlitTranslucent: Platform=PCD3D_SM5, Usage=LightingModel=MSM_Unlit, BlendMode=BLEND_Translucent, SpecialEngine=0, TwoSided=0, TSNormal=1, Masked=0, Distorted=0, WritesEveryPixel=1, ModifiesMeshPosition=0, Usage={}"
"/Interchange/gltf/M_Translucent.M_Translucent","0","0","0","24","0","Compiling M_Translucent: Platform=PCD3D_SM5, Usage=LightingModel=MSM_DefaultLit|MSM_ClearCoat, BlendMode=BLEND_Translucent, SpecialEngine=0, TwoSided=0, TSNormal=1, Masked=0, Distorted=0, WritesEveryPixel=1, ModifiesMeshPosition=0, Usage={}, StaticSwitch'Using Clearcoat2-1'=True, StaticSwitch'Using SpecularGlossiness2-1'=False"
"/Interchange/gltf/M_Translucent.M_Translucent","0","0","0","26","0","Compiling M_Translucent: Platform=PCD3D_SM5, Usage=LightingModel=MSM_DefaultLit|MSM_ClearCoat, BlendMode=BLEND_Translucent, SpecialEngine=0, TwoSided=1, TSNormal=1, Masked=0, Distorted=0, WritesEveryPixel=1, ModifiesMeshPosition=0, Usage={}, StaticSwitch'Using Clearcoat2-1'=True, StaticSwitch'Using SpecularGlossiness2-1'=False"
"/Interchange/gltf/M_Translucent.M_Translucent","0","0","0","26","0","Compiling M_Translucent: Platform=PCD3D_SM5, Usage=LightingModel=MSM_DefaultLit|MSM_ClearCoat, BlendMode=BLEND_Translucent, SpecialEngine=0, TwoSided=1, TSNormal=1, Masked=0, Distorted=0, WritesEveryPixel=1, ModifiesMeshPosition=0, Usage={}, StaticSwitch'Using Clearcoat2-1'=False, StaticSwitch'Using SpecularGlossiness2-1'=False"
"/Interchange/gltf/M_Translucent.M_Translucent","0","0","0","26","0","Compiling M_Translucent: Platform=PCD3D_SM5, Usage=LightingModel=MSM_DefaultLit|MSM_ClearCoat, BlendMode=BLEND_Translucent, SpecialEngine=0, TwoSided=1, TSNormal=1, Masked=0, Distorted=0, WritesEveryPixel=1, ModifiesMeshPosition=0, Usage={}, StaticSwitch'Using Clearcoat2-1'=True, StaticSwitch'Using SpecularGlossiness2-1'=True"
"/Interchange/gltf/M_Translucent.M_Translucent","0","0","0","24","0","Compiling M_Translucent: Platform=PCD3D_SM5, Usage=LightingModel=MSM_DefaultLit|MSM_ClearCoat, BlendMode=BLEND_Translucent, SpecialEngine=0, TwoSided=0, TSNormal=1, Masked=0, Distorted=0, WritesEveryPixel=1, ModifiesMeshPosition=0, Usage={}, StaticSwitch'Using Clearcoat2-1'=True, StaticSwitch'Using SpecularGlossiness2-1'=True"
"/Interchange/gltf/M_Translucent.M_Translucent","0","0","0","24","0","Compiling M_Translucent: Platform=PCD3D_SM5, Usage=LightingModel=MSM_DefaultLit|MSM_ClearCoat, BlendMode=BLEND_Translucent, SpecialEngine=0, TwoSided=0, TSNormal=1, Masked=0, Distorted=0, WritesEveryPixel=1, ModifiesMeshPosition=0, Usage={}, StaticSwitch'Using Clearcoat2-1'=False, StaticSwitch'Using SpecularGlossiness2-1'=True"
"/Interchange/gltf/M_Translucent.M_Translucent","0","0","0","26","0","Compiling M_Translucent: Platform=PCD3D_SM5, Usage=LightingModel=MSM_DefaultLit|MSM_ClearCoat, BlendMode=BLEND_Translucent, SpecialEngine=0, TwoSided=1, TSNormal=1, Masked=0, Distorted=0, WritesEveryPixel=1, ModifiesMeshPosition=0, Usage={}, StaticSwitch'Using Clearcoat2-1'=False, StaticSwitch'Using SpecularGlossiness2-1'=True"
"/Interchange/gltf/M_Translucent.M_Translucent","0","0","0","24","0","Compiling M_Translucent: Platform=PCD3D_SM5, Usage=LightingModel=MSM_DefaultLit|MSM_ClearCoat, BlendMode=BLEND_Translucent, SpecialEngine=0, TwoSided=0, TSNormal=1, Masked=0, Distorted=0, WritesEveryPixel=1, ModifiesMeshPosition=0, Usage={}"
"/Engine/EditorMaterials/Camera/CineMat.CineMat","0","0","0","28","0","Compiling CineMat: Platform=PCD3D_SM5, Usage=LightingModel=MSM_DefaultLit, BlendMode=BLEND_Opaque, SpecialEngine=0, TwoSided=0, TSNormal=1, Masked=0, Distorted=0, WritesEveryPixel=1, ModifiesMeshPosition=0, Usage={bUsedWithSplineMeshes}"
"/Interchange/gltf/M_Sheen.M_Sheen","0","0","0","29","0","Compiling M_Sheen: Platform=PCD3D_SM5, Usage=LightingModel=MSM_Cloth, BlendMode=BLEND_Masked, SpecialEngine=0, TwoSided=1, TSNormal=1, Masked=1, Distorted=0, WritesEveryPixel=0, ModifiesMeshPosition=0, Usage={}, StaticSwitch'Using SpecularGlossiness2-1'=False"
"/Interchange/gltf/M_Sheen.M_Sheen","0","0","0","29","0","Compiling M_Sheen: Platform=PCD3D_SM5, Usage=LightingModel=MSM_Cloth, BlendMode=BLEND_Masked, SpecialEngine=0, TwoSided=0, TSNormal=1, Masked=1, Distorted=0, WritesEveryPixel=0, ModifiesMeshPosition=0, Usage={}, StaticSwitch'Using SpecularGlossiness2-1'=True"
"/Interchange/gltf/M_Sheen.M_Sheen","0","0","0","29","0","Compiling M_Sheen: Platform=PCD3D_SM5, Usage=LightingModel=MSM_Cloth, BlendMode=BLEND_Masked, SpecialEngine=0, TwoSided=1, TSNormal=1, Masked=1, Distorted=0, WritesEveryPixel=0, ModifiesMeshPosition=0, Usage={}, StaticSwitch'Using SpecularGlossiness2-1'=True"
"/Interchange/gltf/M_Sheen.M_Sheen","0","0","0","29","0","Compiling M_Sheen: Platform=PCD3D_SM5, Usage=LightingModel=MSM_Cloth, BlendMode=BLEND_Masked, SpecialEngine=0, TwoSided=0, TSNormal=1, Masked=1, Distorted=0, WritesEveryPixel=0, ModifiesMeshPosition=0, Usage={}"
"/Engine/VREditor/TransformGizmo/Xray.Xray","0","0","0","14","0","Compiling Xray: Platform=PCD3D_SM5, Usage=LightingModel=MSM_DefaultLit, BlendMode=BLEND_Opaque, SpecialEngine=0, TwoSided=0, TSNormal=1, Masked=0, Distorted=0, WritesEveryPixel=1, ModifiesMeshPosition=0, Usage={}"
"/Engine/VREditor/TransformGizmo/Main.Main","0","0","0","5","0","Compiling Main: Platform=PCD3D_SM5, Usage=LightingModel=MSM_Unlit, BlendMode=BLEND_Translucent, SpecialEngine=0, TwoSided=0, TSNormal=1, Masked=0, Distorted=0, WritesEveryPixel=1, ModifiesMeshPosition=0, Usage={}"
"/Interchange/gltf/M_Transmission.M_Transmission","0","0","0","28","0","Compiling M_Transmission: Platform=PCD3D_SM5, Usage=LightingModel=MSM_ThinTranslucent, BlendMode=BLEND_Translucent, SpecialEngine=0, TwoSided=1, TSNormal=1, Masked=0, Distorted=1, WritesEveryPixel=1, ModifiesMeshPosition=0, Usage={}, StaticSwitch'Using SpecularGlossiness2-1'=False"
"/Interchange/gltf/M_Transmission.M_Transmission","0","0","0","28","0","Compiling M_Transmission: Platform=PCD3D_SM5, Usage=LightingModel=MSM_ThinTranslucent, BlendMode=BLEND_Translucent, SpecialEngine=0, TwoSided=1, TSNormal=1, Masked=0, Distorted=1, WritesEveryPixel=1, ModifiesMeshPosition=0, Usage={}, StaticSwitch'Using SpecularGlossiness2-1'=True"
"/Interchange/gltf/M_Transmission.M_Transmission","0","0","0","26","0","Compiling M_Transmission: Platform=PCD3D_SM5, Usage=LightingModel=MSM_ThinTranslucent, BlendMode=BLEND_Translucent, SpecialEngine=0, TwoSided=0, TSNormal=1, Masked=0, Distorted=1, WritesEveryPixel=1, ModifiesMeshPosition=0, Usage={}, StaticSwitch'Using SpecularGlossiness2-1'=True"
"/Interchange/gltf/M_Transmission.M_Transmission","0","0","0","26","0","Compiling M_Transmission: Platform=PCD3D_SM5, Usage=LightingModel=MSM_ThinTranslucent, BlendMode=BLEND_Translucent, SpecialEngine=0, TwoSided=0, TSNormal=1, Masked=0, Distorted=1, WritesEveryPixel=1, ModifiesMeshPosition=0, Usage={}"
"/Engine/VREditor/TransformGizmo/TranslucentTransformGizmoMaterial.TranslucentTransformGizmoMaterial","0","0","0","5","0","Compiling TranslucentTransformGizmoMaterial: Platform=PCD3D_SM5, Usage=LightingModel=MSM_Unlit, BlendMode=BLEND_Translucent, SpecialEngine=0, TwoSided=0, TSNormal=1, Masked=0, Distorted=0, WritesEveryPixel=1, ModifiesMeshPosition=0, Usage={}"
"/Interchange/gltf/M_Unlit.M_Unlit","0","0","0","17","0","Compiling M_Unlit: Platform=PCD3D_SM5, Usage=LightingModel=MSM_Unlit, BlendMode=BLEND_Masked, SpecialEngine=0, TwoSided=1, TSNormal=1, Masked=1, Distorted=0, WritesEveryPixel=0, ModifiesMeshPosition=0, Usage={}"
"/Interchange/gltf/M_Unlit.M_Unlit","0","0","0","17","0","Compiling M_Unlit: Platform=PCD3D_SM5, Usage=LightingModel=MSM_Unlit, BlendMode=BLEND_Masked, SpecialEngine=0, TwoSided=0, TSNormal=1, Masked=1, Distorted=0, WritesEveryPixel=0, ModifiesMeshPosition=0, Usage={}"
"/Interchange/Materials/PBRSurfaceMaterial.PBRSurfaceMaterial","0","0","0","14","0","Compiling PBRSurfaceMaterial: Platform=PCD3D_SM5, Usage=LightingModel=MSM_DefaultLit, BlendMode=BLEND_Opaque, SpecialEngine=0, TwoSided=0, TSNormal=1, Masked=0, Distorted=0, WritesEveryPixel=1, ModifiesMeshPosition=0, Usage={}"
"/Interchange/Materials/SheenMaterial.SheenMaterial","0","0","0","14","0","Compiling SheenMaterial: Platform=PCD3D_SM5, Usage=LightingModel=MSM_Cloth, BlendMode=BLEND_Opaque, SpecialEngine=0, TwoSided=0, TSNormal=1, Masked=0, Distorted=0, WritesEveryPixel=1, ModifiesMeshPosition=0, Usage={}"
"/Interchange/Materials/ClearCoatMaterial.ClearCoatMaterial","0","0","0","14","0","Compiling ClearCoatMaterial: Platform=PCD3D_SM5, Usage=LightingModel=MSM_ClearCoat, BlendMode=BLEND_Opaque, SpecialEngine=0, TwoSided=0, TSNormal=1, Masked=0, Distorted=0, WritesEveryPixel=1, ModifiesMeshPosition=0, Usage={}"
"/Interchange/Materials/SubsurfaceMaterial.SubsurfaceMaterial","0","0","0","14","0","Compiling SubsurfaceMaterial: Platform=PCD3D_SM5, Usage=LightingModel=MSM_Subsurface, BlendMode=BLEND_Opaque, SpecialEngine=0, TwoSided=0, TSNormal=1, Masked=0, Distorted=0, WritesEveryPixel=1, ModifiesMeshPosition=0, Usage={}"
"/Bridge/MSPresets/M_MS_Surface_Material/M_MS_Surface_Material.M_MS_Surface_Material","0","0","0","14","0","Compiling M_MS_Surface_Material: Platform=PCD3D_SM5, Usage=LightingModel=MSM_DefaultLit, BlendMode=BLEND_Opaque, SpecialEngine=0, TwoSided=0, TSNormal=1, Masked=0, Distorted=0, WritesEveryPixel=1, ModifiesMeshPosition=0, Usage={}"
"/Interchange/Materials/OrenNayerMaterial.OrenNayerMaterial","0","0","0","16","0","Compiling OrenNayerMaterial: Platform=PCD3D_SM5, Usage=LightingModel=MSM_DefaultLit|MSM_Subsurface|MSM_ClearCoat|MSM_Cloth, BlendMode=BLEND_Opaque, SpecialEngine=0, TwoSided=0, TSNormal=1, Masked=0, Distorted=0, WritesEveryPixel=1, ModifiesMeshPosition=0, Usage={}"
"/Interchange/Materials/ThinTranslucentMaterial.ThinTranslucentMaterial","0","0","0","24","0","Compiling ThinTranslucentMaterial: Platform=PCD3D_SM5, Usage=LightingModel=MSM_ThinTranslucent, BlendMode=BLEND_Translucent, SpecialEngine=0, TwoSided=0, TSNormal=1, Masked=0, Distorted=0, WritesEveryPixel=1, ModifiesMeshPosition=0, Usage={}"
"/Interchange/Materials/LambertSurfaceMaterial.LambertSurfaceMaterial","0","0","0","14","0","Compiling LambertSurfaceMaterial: Platform=PCD3D_SM5, Usage=LightingModel=MSM_DefaultLit, BlendMode=BLEND_Opaque, SpecialEngine=0, TwoSided=0, TSNormal=1, Masked=0, Distorted=0, WritesEveryPixel=1, ModifiesMeshPosition=0, Usage={}"
"/Game/StarterContent/Props/Materials/M_Rock.M_Rock","0","0","0","23","0","Compiling M_Rock: Platform=PCD3D_SM5, Usage=LightingModel=MSM_DefaultLit, BlendMode=BLEND_Opaque, SpecialEngine=0, TwoSided=0, TSNormal=1, Masked=0, Distorted=0, WritesEveryPixel=1, ModifiesMeshPosition=0, Usage={bUsedWithStaticLighting}"
"/Game/StarterContent/Materials/M_CobbleStone_Smooth.M_CobbleStone_Smooth","0","0","0","23","0","Compiling M_CobbleStone_Smooth: Platform=PCD3D_SM5, Usage=LightingModel=MSM_DefaultLit, BlendMode=BLEND_Opaque, SpecialEngine=0, TwoSided=0, TSNormal=1, Masked=0, Distorted=0, WritesEveryPixel=1, ModifiesMeshPosition=0, Usage={bUsedWithStaticLighting}"
"/Game/StarterContent/Materials/M_Rock_Marble_Polished.M_Rock_Marble_Polished","0","0","0","23","0","Compiling M_Rock_Marble_Polished: Platform=PCD3D_SM5, Usage=LightingModel=MSM_DefaultLit, BlendMode=BLEND_Opaque, SpecialEngine=0, TwoSided=0, TSNormal=1, Masked=0, Distorted=0, WritesEveryPixel=1, ModifiesMeshPosition=0, Usage={bUsedWithStaticLighting}"
"/Engine/EngineSky/M_Sky_Panning_Clouds2.M_Sky_Panning_Clouds2","0","0","0","4","0","Compiling M_Sky_Panning_Clouds2: Platform=PCD3D_SM5, Usage=LightingModel=MSM_Unlit, BlendMode=BLEND_Opaque, SpecialEngine=0, TwoSided=0, TSNormal=1, Masked=0, Distorted=0, WritesEveryPixel=1, ModifiesMeshPosition=0, Usage={bUsedWithStaticLighting}"
"/Game/StarterContent/Materials/M_Rock_Sandstone.M_Rock_Sandstone","0","0","0","23","0","Compiling M_Rock_Sandstone: Platform=PCD3D_SM5, Usage=LightingModel=MSM_DefaultLit, BlendMode=BLEND_Opaque, SpecialEngine=0, TwoSided=0, TSNormal=1, Masked=0, Distorted=0, WritesEveryPixel=1, ModifiesMeshPosition=0, Usage={bUsedWithStaticLighting}"
"/Interchange/Materials/PhongSurfaceMaterial.PhongSurfaceMaterial","0","0","0","14","0","Compiling PhongSurfaceMaterial: Platform=PCD3D_SM5, Usage=LightingModel=MSM_DefaultLit, BlendMode=BLEND_Opaque, SpecialEngine=0, TwoSided=0, TSNormal=1, Masked=0, Distorted=0, WritesEveryPixel=1, ModifiesMeshPosition=0, Usage={}"
"/Engine/EditorMaterials/PreviewShadowIndicatorMaterial.PreviewShadowIndicatorMaterial","0","0","0","145","0","Compiling PreviewShadowIndicatorMaterial: Platform=PCD3D_SM5, Usage=LightingModel=MSM_Unlit, BlendMode=BLEND_Opaque, SpecialEngine=0, TwoSided=0, TSNormal=1, Masked=0, Distorted=0, WritesEveryPixel=1, ModifiesMeshPosition=0, Usage={}"
"/Engine/EngineMaterials/PPM_DefaultCalibrationGrayscale.PPM_DefaultCalibrationGrayscale","0","0","0","6","0","Compiling PPM_DefaultCalibrationGrayscale: Platform=PCD3D_SM5, Usage=LightingModel=MSM_Unlit, BlendMode=BLEND_Opaque, SpecialEngine=0, TwoSided=0, TSNormal=1, Masked=0, Distorted=0, WritesEveryPixel=1, ModifiesMeshPosition=0, Usage={}"
"/Engine/EngineMaterials/PPM_DefaultCalibrationColor.PPM_DefaultCalibrationColor","0","0","0","6","0","Compiling PPM_DefaultCalibrationColor: Platform=PCD3D_SM5, Usage=LightingModel=MSM_Unlit, BlendMode=BLEND_Opaque, SpecialEngine=0, TwoSided=0, TSNormal=1, Masked=0, Distorted=0, WritesEveryPixel=1, ModifiesMeshPosition=0, Usage={}"
"/Engine/EngineMaterials/DefaultTextMaterialOpaque.DefaultTextMaterialOpaque","0","0","0","29","0","Compiling DefaultTextMaterialOpaque: Platform=PCD3D_SM5, Usage=LightingModel=MSM_DefaultLit, BlendMode=BLEND_Masked, SpecialEngine=0, TwoSided=1, TSNormal=1, Masked=1, Distorted=0, WritesEveryPixel=0, ModifiesMeshPosition=0, Usage={}"
"/Engine/EngineMaterials/DefaultLightFunctionMaterial.DefaultLightFunctionMaterial","0","0","0","145","0","Compiling DefaultLightFunctionMaterial: Platform=PCD3D_SM5, Usage=LightingModel=MSM_Unlit, BlendMode=BLEND_Opaque, SpecialEngine=0, TwoSided=0, TSNormal=1, Masked=0, Distorted=0, WritesEveryPixel=1, ModifiesMeshPosition=0, Usage={}"
"/Interchange/Materials/UnlitMaterial.UnlitMaterial","0","0","0","4","0","Compiling UnlitMaterial: Platform=PCD3D_SM5, Usage=LightingModel=MSM_Unlit, BlendMode=BLEND_Opaque, SpecialEngine=0, TwoSided=0, TSNormal=1, Masked=0, Distorted=0, WritesEveryPixel=1, ModifiesMeshPosition=0, Usage={}"
"/Engine/EngineSky/M_SimpleSkyDome.M_SimpleSkyDome","0","0","0","4","0","Compiling M_SimpleSkyDome: Platform=PCD3D_SM5, Usage=LightingModel=MSM_Unlit, BlendMode=BLEND_Opaque, SpecialEngine=0, TwoSided=0, TSNormal=1, Masked=0, Distorted=0, WritesEveryPixel=1, ModifiesMeshPosition=0, Usage={}"
"/Engine/BasicShapes/BasicShapeMaterial.BasicShapeMaterial","0","0","0","69","0","Compiling BasicShapeMaterial: Platform=PCD3D_SM5, Usage=LightingModel=MSM_DefaultLit, BlendMode=BLEND_Opaque, SpecialEngine=0, TwoSided=0, TSNormal=1, Masked=0, Distorted=0, WritesEveryPixel=1, ModifiesMeshPosition=0, Usage={bUsedWithStaticLighting,bUsedWithInstancedStaticMeshes,bUsedWithGeometryCollections,bUsedWithNanite}"
"/Engine/EngineMaterials/FlattenMaterial_WS_Normal_VT.FlattenMaterial_WS_Normal_VT","0","0","0","37","0","Compiling FlattenMaterial_WS_Normal_VT: Platform=PCD3D_SM5, Usage=LightingModel=MSM_DefaultLit, BlendMode=BLEND_Opaque, SpecialEngine=0, TwoSided=0, TSNormal=0, Masked=0, Distorted=0, WritesEveryPixel=1, ModifiesMeshPosition=0, Usage={bUsedWithSkeletalMesh,bUsedWithStaticLighting,bUsedWithMorphTargets,bUsedWithNanite}"
"/Engine/EngineDebugMaterials/M_VolumeRenderSphereTracePP.M_VolumeRenderSphereTracePP","0","0","0","6","0","Compiling M_VolumeRenderSphereTracePP: Platform=PCD3D_SM5, Usage=LightingModel=MSM_Unlit, BlendMode=BLEND_Opaque, SpecialEngine=0, TwoSided=0, TSNormal=1, Masked=0, Distorted=0, WritesEveryPixel=1, ModifiesMeshPosition=0, Usage={}"
"/Engine/VREditor/TransformGizmo/TransformGizmoMaterial.TransformGizmoMaterial","0","0","0","4","0","Compiling TransformGizmoMaterial: Platform=PCD3D_SM5, Usage=LightingModel=MSM_Unlit, BlendMode=BLEND_Opaque, SpecialEngine=0, TwoSided=0, TSNormal=1, Masked=0, Distorted=0, WritesEveryPixel=1, ModifiesMeshPosition=0, Usage={}"
"/Engine/EngineMaterials/PhAT_JointLimitMaterial.PhAT_JointLimitMaterial","0","0","0","9","0","Compiling PhAT_JointLimitMaterial: Platform=PCD3D_SM5, Usage=LightingModel=MSM_Unlit, BlendMode=BLEND_Translucent, SpecialEngine=0, TwoSided=1, TSNormal=1, Masked=0, Distorted=0, WritesEveryPixel=1, ModifiesMeshPosition=1, Usage={}"
"/Engine/EngineMaterials/DefaultPostProcessMaterial.DefaultPostProcessMaterial","0","0","0","10","0","Compiling DefaultPostProcessMaterial: Platform=PCD3D_SM5, Usage=LightingModel=MSM_Unlit, BlendMode=BLEND_Opaque, SpecialEngine=0, TwoSided=0, TSNormal=1, Masked=0, Distorted=0, WritesEveryPixel=1, ModifiesMeshPosition=0, Usage={bUsedWithSkeletalMesh,bUsedWithStaticLighting}"
"/Engine/EngineMaterials/DefaultMaterial.DefaultMaterial","0","0","0","139","0","Compiling DefaultMaterial: Platform=PCD3D_SM5, Usage=LightingModel=MSM_DefaultLit, BlendMode=BLEND_Opaque, SpecialEngine=0, TwoSided=0, TSNormal=1, Masked=0, Distorted=0, WritesEveryPixel=1, ModifiesMeshPosition=0, Usage={bUsedWithSkeletalMesh,bUsedWithMeshParticles,bUsedWithStaticLighting,bUsedWithSplineMeshes,bUsedWithInstancedStaticMeshes,bUsedWithNiagaraSprites,bUsedWithNiagaraRibbons,bUsedWithNiagaraMeshParticles}"
"/Engine/EngineMaterials/DefaultDeferredDecalMaterial.DefaultDeferredDecalMaterial","0","0","0","93","0","Compiling DefaultDeferredDecalMaterial: Platform=PCD3D_SM5, Usage=LightingModel=MSM_DefaultLit, BlendMode=BLEND_Translucent, SpecialEngine=0, TwoSided=0, TSNormal=1, Masked=0, Distorted=0, WritesEveryPixel=1, ModifiesMeshPosition=0, Usage={bUsedWithSkeletalMesh,bUsedWithStaticLighting,bUsedWithSplineMeshes}"
"/Engine/EditorMaterials/WorldPartition/WorldPartitionSpatialHashGridPreviewMaterial.WorldPartitionSpatialHashGridPreviewMaterial","0","0","0","6","0","Compiling WorldPartitionSpatialHashGridPreviewMaterial: Platform=PCD3D_SM5, Usage=LightingModel=MSM_Unlit, BlendMode=BLEND_Opaque, SpecialEngine=0, TwoSided=0, TSNormal=1, Masked=0, Distorted=0, WritesEveryPixel=1, ModifiesMeshPosition=0, Usage={}"
"/Engine/EngineMaterials/EmissiveMeshMaterial.EmissiveMeshMaterial","0","0","0","7","0","Compiling EmissiveMeshMaterial: Platform=PCD3D_SM5, Usage=LightingModel=MSM_Unlit, BlendMode=BLEND_Additive, SpecialEngine=0, TwoSided=1, TSNormal=1, Masked=0, Distorted=0, WritesEveryPixel=1, ModifiesMeshPosition=0, Usage={}"
"/Engine/EngineSky/VolumetricClouds/m_SimpleVolumetricCloud.m_SimpleVolumetricCloud","0","0","0","53","0","Compiling m_SimpleVolumetricCloud: Platform=PCD3D_SM5, Usage=LightingModel=MSM_DefaultLit, BlendMode=BLEND_Additive, SpecialEngine=0, TwoSided=0, TSNormal=1, Masked=0, Distorted=0, WritesEveryPixel=1, ModifiesMeshPosition=0, Usage={}"
"/Engine/EngineMaterials/FlattenMaterial_VT.FlattenMaterial_VT","0","0","0","37","0","Compiling FlattenMaterial_VT: Platform=PCD3D_SM5, Usage=LightingModel=MSM_DefaultLit, BlendMode=BLEND_Opaque, SpecialEngine=0, TwoSided=0, TSNormal=1, Masked=0, Distorted=0, WritesEveryPixel=1, ModifiesMeshPosition=0, Usage={bUsedWithSkeletalMesh,bUsedWithStaticLighting,bUsedWithMorphTargets,bUsedWithNanite}"
"/Engine/EngineMaterials/M_InvalidLightmapSettings.M_InvalidLightmapSettings","0","0","0","28","0","Compiling M_InvalidLightmapSettings: Platform=PCD3D_SM5, Usage=LightingModel=MSM_DefaultLit, BlendMode=BLEND_Opaque, SpecialEngine=0, TwoSided=0, TSNormal=1, Masked=0, Distorted=0, WritesEveryPixel=1, ModifiesMeshPosition=0, Usage={bUsedWithInstancedStaticMeshes}"
"/Engine/EngineMaterials/FlattenMaterial.FlattenMaterial","0","0","0","37","0","Compiling FlattenMaterial: Platform=PCD3D_SM5, Usage=LightingModel=MSM_DefaultLit, BlendMode=BLEND_Opaque, SpecialEngine=0, TwoSided=0, TSNormal=1, Masked=0, Distorted=0, WritesEveryPixel=1, ModifiesMeshPosition=0, Usage={bUsedWithSkeletalMesh,bUsedWithStaticLighting,bUsedWithMorphTargets,bUsedWithNanite}"
"Globals","49","5070","0","0","0",""
"/Engine/EngineDebugMaterials/DebugEditorMaterial.DebugEditorMaterial","49","6","0","1","16","Compiling DebugEditorMaterial: Platform=PCD3D_SM6, Usage=LightingModel=MSM_Unlit, BlendMode=BLEND_Opaque, SpecialEngine=0, TwoSided=1, TSNormal=1, Masked=0, Distorted=0, WritesEveryPixel=1, ModifiesMeshPosition=0, Usage={}"
"/Engine/EngineMaterials/GizmoMaterial.GizmoMaterial","49","6","0","1","16","Compiling GizmoMaterial: Platform=PCD3D_SM6, Usage=LightingModel=MSM_Unlit, BlendMode=BLEND_Opaque, SpecialEngine=0, TwoSided=1, TSNormal=1, Masked=0, Distorted=0, WritesEveryPixel=1, ModifiesMeshPosition=0, Usage={}"
"/Engine/EngineMaterials/RemoveSurfaceMaterial.RemoveSurfaceMaterial","49","4","0","1","13","Compiling RemoveSurfaceMaterial: Platform=PCD3D_SM6, Usage=LightingModel=MSM_Unlit, BlendMode=BLEND_Opaque, SpecialEngine=0, TwoSided=0, TSNormal=1, Masked=0, Distorted=0, WritesEveryPixel=1, ModifiesMeshPosition=0, Usage={bUsedWithStaticLighting}"
"/Engine/EngineDebugMaterials/DebugMeshMaterial.DebugMeshMaterial","49","7","0","1","32","Compiling DebugMeshMaterial: Platform=PCD3D_SM6, Usage=LightingModel=MSM_Unlit, BlendMode=BLEND_Translucent, SpecialEngine=0, TwoSided=1, TSNormal=1, Masked=0, Distorted=0, WritesEveryPixel=1, ModifiesMeshPosition=0, Usage={}"
"/Engine/EditorMaterials/PhAT_NoCollisionMaterial.PhAT_NoCollisionMaterial","49","5","0","2","17","Compiling PhAT_NoCollisionMaterial: Platform=PCD3D_SM6, Usage=LightingModel=MSM_Unlit, BlendMode=BLEND_Translucent, SpecialEngine=0, TwoSided=0, TSNormal=1, Masked=0, Distorted=0, WritesEveryPixel=1, ModifiesMeshPosition=0, Usage={}"
"/Engine/EditorMaterials/PhAT_UnselectedMaterial.PhAT_UnselectedMaterial","49","5","0","1","19","Compiling PhAT_UnselectedMaterial: Platform=PCD3D_SM6, Usage=LightingModel=MSM_Unlit, BlendMode=BLEND_Translucent, SpecialEngine=0, TwoSided=0, TSNormal=1, Masked=0, Distorted=0, WritesEveryPixel=1, ModifiesMeshPosition=0, Usage={}"
"/Engine/EditorLandscapeResources/SplineEditorMeshMat.SplineEditorMeshMat","49","12","0","1","89","Compiling SplineEditorMeshMat: Platform=PCD3D_SM6, Usage=LightingModel=MSM_Unlit, BlendMode=BLEND_Opaque, SpecialEngine=0, TwoSided=1, TSNormal=1, Masked=0, Distorted=0, WritesEveryPixel=1, ModifiesMeshPosition=0, Usage={bUsedWithSplineMeshes}"
"/Engine/EngineDebugMaterials/M_SimpleUnlitTranslucent.M_SimpleUnlitTranslucent","49","5","0","1","19","Compiling M_SimpleUnlitTranslucent: Platform=PCD3D_SM6, Usage=LightingModel=MSM_Unlit, BlendMode=BLEND_Translucent, SpecialEngine=0, TwoSided=0, TSNormal=1, Masked=0, Distorted=0, WritesEveryPixel=1, ModifiesMeshPosition=0, Usage={}"
"/Engine/EditorMaterials/Camera/CineMat.CineMat","49","28","0","1","433","Compiling CineMat: Platform=PCD3D_SM6, Usage=LightingModel=MSM_DefaultLit, BlendMode=BLEND_Opaque, SpecialEngine=0, TwoSided=0, TSNormal=1, Masked=0, Distorted=0, WritesEveryPixel=1, ModifiesMeshPosition=0, Usage={bUsedWithSplineMeshes}"
"/Engine/VREditor/TransformGizmo/Xray.Xray","49","14","0","1","118","Compiling Xray: Platform=PCD3D_SM6, Usage=LightingModel=MSM_DefaultLit, BlendMode=BLEND_Opaque, SpecialEngine=0, TwoSided=0, TSNormal=1, Masked=0, Distorted=0, WritesEveryPixel=1, ModifiesMeshPosition=0, Usage={}"
"/Engine/VREditor/TransformGizmo/Main.Main","49","5","0","1","19","Compiling Main: Platform=PCD3D_SM6, Usage=LightingModel=MSM_Unlit, BlendMode=BLEND_Translucent, SpecialEngine=0, TwoSided=0, TSNormal=1, Masked=0, Distorted=0, WritesEveryPixel=1, ModifiesMeshPosition=0, Usage={}"
"/Engine/VREditor/TransformGizmo/TranslucentTransformGizmoMaterial.TranslucentTransformGizmoMaterial","49","5","0","1","19","Compiling TranslucentTransformGizmoMaterial: Platform=PCD3D_SM6, Usage=LightingModel=MSM_Unlit, BlendMode=BLEND_Translucent, SpecialEngine=0, TwoSided=0, TSNormal=1, Masked=0, Distorted=0, WritesEveryPixel=1, ModifiesMeshPosition=0, Usage={}"
"/Engine/EngineMaterials/DefaultLightFunctionMaterial.DefaultLightFunctionMaterial","49","145","0","1","9852","Compiling DefaultLightFunctionMaterial: Platform=PCD3D_SM6, Usage=LightingModel=MSM_Unlit, BlendMode=BLEND_Opaque, SpecialEngine=0, TwoSided=0, TSNormal=1, Masked=0, Distorted=0, WritesEveryPixel=1, ModifiesMeshPosition=0, Usage={}"
"/Interchange/Materials/UnlitMaterial.UnlitMaterial","49","4","0","1","13","Compiling UnlitMaterial: Platform=PCD3D_SM6, Usage=LightingModel=MSM_Unlit, BlendMode=BLEND_Opaque, SpecialEngine=0, TwoSided=0, TSNormal=1, Masked=0, Distorted=0, WritesEveryPixel=1, ModifiesMeshPosition=0, Usage={}"
"/Engine/EngineSky/M_SimpleSkyDome.M_SimpleSkyDome","49","4","0","1","13","Compiling M_SimpleSkyDome: Platform=PCD3D_SM6, Usage=LightingModel=MSM_Unlit, BlendMode=BLEND_Opaque, SpecialEngine=0, TwoSided=0, TSNormal=1, Masked=0, Distorted=0, WritesEveryPixel=1, ModifiesMeshPosition=0, Usage={}"
"/Engine/BasicShapes/BasicShapeMaterial.BasicShapeMaterial","49","84","0","1","3276","Compiling BasicShapeMaterial: Platform=PCD3D_SM6, Usage=LightingModel=MSM_DefaultLit, BlendMode=BLEND_Opaque, SpecialEngine=0, TwoSided=0, TSNormal=1, Masked=0, Distorted=0, WritesEveryPixel=1, ModifiesMeshPosition=0, Usage={bUsedWithStaticLighting,bUsedWithInstancedStaticMeshes,bUsedWithGeometryCollections,bUsedWithNanite}"
"/Engine/EngineMaterials/FlattenMaterial_WS_Normal_VT.FlattenMaterial_WS_Normal_VT","49","52","0","1","1331","Compiling FlattenMaterial_WS_Normal_VT: Platform=PCD3D_SM6, Usage=LightingModel=MSM_DefaultLit, BlendMode=BLEND_Opaque, SpecialEngine=0, TwoSided=0, TSNormal=0, Masked=0, Distorted=0, WritesEveryPixel=1, ModifiesMeshPosition=0, Usage={bUsedWithSkeletalMesh,bUsedWithStaticLighting,bUsedWithMorphTargets,bUsedWithNanite}"
"/Engine/EngineDebugMaterials/M_VolumeRenderSphereTracePP.M_VolumeRenderSphereTracePP","49","6","0","1","26","Compiling M_VolumeRenderSphereTracePP: Platform=PCD3D_SM6, Usage=LightingModel=MSM_Unlit, BlendMode=BLEND_Opaque, SpecialEngine=0, TwoSided=0, TSNormal=1, Masked=0, Distorted=0, WritesEveryPixel=1, ModifiesMeshPosition=0, Usage={}"
"/Engine/VREditor/TransformGizmo/TransformGizmoMaterial.TransformGizmoMaterial","49","4","0","1","13","Compiling TransformGizmoMaterial: Platform=PCD3D_SM6, Usage=LightingModel=MSM_Unlit, BlendMode=BLEND_Opaque, SpecialEngine=0, TwoSided=0, TSNormal=1, Masked=0, Distorted=0, WritesEveryPixel=1, ModifiesMeshPosition=0, Usage={}"
"/Engine/EngineMaterials/PhAT_JointLimitMaterial.PhAT_JointLimitMaterial","49","9","0","1","53","Compiling PhAT_JointLimitMaterial: Platform=PCD3D_SM6, Usage=LightingModel=MSM_Unlit, BlendMode=BLEND_Translucent, SpecialEngine=0, TwoSided=1, TSNormal=1, Masked=0, Distorted=0, WritesEveryPixel=1, ModifiesMeshPosition=1, Usage={}"
"/Engine/EngineMaterials/FlattenMaterial_VT.FlattenMaterial_VT","49","52","0","1","982","Compiling FlattenMaterial_VT: Platform=PCD3D_SM6, Usage=LightingModel=MSM_DefaultLit, BlendMode=BLEND_Opaque, SpecialEngine=0, TwoSided=0, TSNormal=1, Masked=0, Distorted=0, WritesEveryPixel=1, ModifiesMeshPosition=0, Usage={bUsedWithSkeletalMesh,bUsedWithStaticLighting,bUsedWithMorphTargets,bUsedWithNanite}"
"/Engine/EngineMaterials/FlattenMaterial.FlattenMaterial","49","52","0","1","1052","Compiling FlattenMaterial: Platform=PCD3D_SM6, Usage=LightingModel=MSM_DefaultLit, BlendMode=BLEND_Opaque, SpecialEngine=0, TwoSided=0, TSNormal=1, Masked=0, Distorted=0, WritesEveryPixel=1, ModifiesMeshPosition=0, Usage={bUsedWithSkeletalMesh,bUsedWithStaticLighting,bUsedWithMorphTargets,bUsedWithNanite}"
"/Engine/EngineMaterials/M_InvalidLightmapSettings.M_InvalidLightmapSettings","49","28","0","1","279","Compiling M_InvalidLightmapSettings: Platform=PCD3D_SM6, Usage=LightingModel=MSM_DefaultLit, BlendMode=BLEND_Opaque, SpecialEngine=0, TwoSided=0, TSNormal=1, Masked=0, Distorted=0, WritesEveryPixel=1, ModifiesMeshPosition=0, Usage={bUsedWithInstancedStaticMeshes}"
"/Engine/EngineMaterials/EmissiveMeshMaterial.EmissiveMeshMaterial","49","7","0","1","34","Compiling EmissiveMeshMaterial: Platform=PCD3D_SM6, Usage=LightingModel=MSM_Unlit, BlendMode=BLEND_Additive, SpecialEngine=0, TwoSided=1, TSNormal=1, Masked=0, Distorted=0, WritesEveryPixel=1, ModifiesMeshPosition=0, Usage={}"
"/Engine/EngineSky/VolumetricClouds/m_SimpleVolumetricCloud.m_SimpleVolumetricCloud","49","53","0","1","865","Compiling m_SimpleVolumetricCloud: Platform=PCD3D_SM6, Usage=LightingModel=MSM_DefaultLit, BlendMode=BLEND_Additive, SpecialEngine=0, TwoSided=0, TSNormal=1, Masked=0, Distorted=0, WritesEveryPixel=1, ModifiesMeshPosition=0, Usage={}"
"/Engine/EditorMaterials/WorldPartition/WorldPartitionSpatialHashGridPreviewMaterial.WorldPartitionSpatialHashGridPreviewMaterial","49","6","0","1","26","Compiling WorldPartitionSpatialHashGridPreviewMaterial: Platform=PCD3D_SM6, Usage=LightingModel=MSM_Unlit, BlendMode=BLEND_Opaque, SpecialEngine=0, TwoSided=0, TSNormal=1, Masked=0, Distorted=0, WritesEveryPixel=1, ModifiesMeshPosition=0, Usage={}"
"/Engine/EngineMaterials/Widget3DPassThrough.Widget3DPassThrough","49","5","0","1","19","Compiling Widget3DPassThrough: Platform=PCD3D_SM6, Usage=LightingModel=MSM_Unlit, BlendMode=BLEND_Translucent, SpecialEngine=0, TwoSided=0, TSNormal=1, Masked=0, Distorted=0, WritesEveryPixel=1, ModifiesMeshPosition=0, Usage={}"
"/Engine/EngineMaterials/Widget3DPassThrough.Widget3DPassThrough","49","18","0","1","136","Compiling Widget3DPassThrough: Platform=PCD3D_SM6, Usage=LightingModel=MSM_Unlit, BlendMode=BLEND_Masked, SpecialEngine=0, TwoSided=1, TSNormal=1, Masked=1, Distorted=0, WritesEveryPixel=0, ModifiesMeshPosition=0, Usage={}"
"/Engine/EngineMaterials/Widget3DPassThrough.Widget3DPassThrough","49","7","0","1","34","Compiling Widget3DPassThrough: Platform=PCD3D_SM6, Usage=LightingModel=MSM_Unlit, BlendMode=BLEND_Translucent, SpecialEngine=0, TwoSided=1, TSNormal=1, Masked=0, Distorted=0, WritesEveryPixel=1, ModifiesMeshPosition=0, Usage={}"
"/Engine/EngineMaterials/Widget3DPassThrough.Widget3DPassThrough","49","6","0","1","26","Compiling Widget3DPassThrough: Platform=PCD3D_SM6, Usage=LightingModel=MSM_Unlit, BlendMode=BLEND_Opaque, SpecialEngine=0, TwoSided=1, TSNormal=1, Masked=0, Distorted=0, WritesEveryPixel=1, ModifiesMeshPosition=0, Usage={}"
"/Engine/EngineMaterials/Widget3DPassThrough.Widget3DPassThrough","49","18","0","1","147","Compiling Widget3DPassThrough: Platform=PCD3D_SM6, Usage=LightingModel=MSM_Unlit, BlendMode=BLEND_Masked, SpecialEngine=0, TwoSided=0, TSNormal=1, Masked=1, Distorted=0, WritesEveryPixel=0, ModifiesMeshPosition=0, Usage={}"
"/Engine/EngineMaterials/Widget3DPassThrough.Widget3DPassThrough","49","4","0","2","11","Compiling Widget3DPassThrough: Platform=PCD3D_SM6, Usage=LightingModel=MSM_Unlit, BlendMode=BLEND_Opaque, SpecialEngine=0, TwoSided=0, TSNormal=1, Masked=0, Distorted=0, WritesEveryPixel=1, ModifiesMeshPosition=0, Usage={}"
"/Engine/EngineMaterials/DefaultPostProcessMaterial.DefaultPostProcessMaterial","49","10","0","7","37","Compiling DefaultPostProcessMaterial: Platform=PCD3D_SM6, Usage=LightingModel=MSM_Unlit, BlendMode=BLEND_Opaque, SpecialEngine=0, TwoSided=0, TSNormal=1, Masked=0, Distorted=0, WritesEveryPixel=1, ModifiesMeshPosition=0, Usage={bUsedWithSkeletalMesh,bUsedWithStaticLighting}"
"/Engine/EngineMaterials/DefaultDeferredDecalMaterial.DefaultDeferredDecalMaterial","49","93","0","7","2335","Compiling DefaultDeferredDecalMaterial: Platform=PCD3D_SM6, Usage=LightingModel=MSM_DefaultLit, BlendMode=BLEND_Translucent, SpecialEngine=0, TwoSided=0, TSNormal=1, Masked=0, Distorted=0, WritesEveryPixel=1, ModifiesMeshPosition=0, Usage={bUsedWithSkeletalMesh,bUsedWithStaticLighting,bUsedWithSplineMeshes}"
"/Engine/EngineMaterials/DefaultMaterial.DefaultMaterial","49","139","0","9","3815","Compiling DefaultMaterial: Platform=PCD3D_SM6, Usage=LightingModel=MSM_DefaultLit, BlendMode=BLEND_Opaque, SpecialEngine=0, TwoSided=0, TSNormal=1, Masked=0, Distorted=0, WritesEveryPixel=1, ModifiesMeshPosition=0, Usage={bUsedWithSkeletalMesh,bUsedWithMeshParticles,bUsedWithStaticLighting,bUsedWithSplineMeshes,bUsedWithInstancedStaticMeshes,bUsedWithNiagaraSprites,bUsedWithNiagaraRibbons,bUsedWithNiagaraMeshParticles}"
"/Engine/EngineMaterials/DefaultTextMaterialOpaque.DefaultTextMaterialOpaque","49","30","0","1","300","Compiling DefaultTextMaterialOpaque: Platform=PCD3D_SM6, Usage=LightingModel=MSM_DefaultLit, BlendMode=BLEND_Masked, SpecialEngine=0, TwoSided=1, TSNormal=1, Masked=1, Distorted=0, WritesEveryPixel=0, ModifiesMeshPosition=0, Usage={}"
"/Engine/EngineMaterials/PPM_DefaultCalibrationGrayscale.PPM_DefaultCalibrationGrayscale","49","6","0","1","21","Compiling PPM_DefaultCalibrationGrayscale: Platform=PCD3D_SM6, Usage=LightingModel=MSM_Unlit, BlendMode=BLEND_Opaque, SpecialEngine=0, TwoSided=0, TSNormal=1, Masked=0, Distorted=0, WritesEveryPixel=1, ModifiesMeshPosition=0, Usage={}"
"/Engine/EngineMaterials/PPM_DefaultCalibrationColor.PPM_DefaultCalibrationColor","49","6","0","1","22","Compiling PPM_DefaultCalibrationColor: Platform=PCD3D_SM6, Usage=LightingModel=MSM_Unlit, BlendMode=BLEND_Opaque, SpecialEngine=0, TwoSided=0, TSNormal=1, Masked=0, Distorted=0, WritesEveryPixel=1, ModifiesMeshPosition=0, Usage={}"
"/Engine/EditorMaterials/PreviewShadowIndicatorMaterial.PreviewShadowIndicatorMaterial","49","145","0","7","3319","Compiling PreviewShadowIndicatorMaterial: Platform=PCD3D_SM6, Usage=LightingModel=MSM_Unlit, BlendMode=BLEND_Opaque, SpecialEngine=0, TwoSided=0, TSNormal=1, Masked=0, Distorted=0, WritesEveryPixel=1, ModifiesMeshPosition=0, Usage={}"
"/Interchange/Materials/PhongSurfaceMaterial.PhongSurfaceMaterial","49","14","0","1","82","Compiling PhongSurfaceMaterial: Platform=PCD3D_SM6, Usage=LightingModel=MSM_DefaultLit, BlendMode=BLEND_Opaque, SpecialEngine=0, TwoSided=0, TSNormal=1, Masked=0, Distorted=0, WritesEveryPixel=1, ModifiesMeshPosition=0, Usage={}"
"/Engine/EngineSky/M_Sky_Panning_Clouds2.M_Sky_Panning_Clouds2","49","4","0","1","13","Compiling M_Sky_Panning_Clouds2: Platform=PCD3D_SM6, Usage=LightingModel=MSM_Unlit, BlendMode=BLEND_Opaque, SpecialEngine=0, TwoSided=0, TSNormal=1, Masked=0, Distorted=0, WritesEveryPixel=1, ModifiesMeshPosition=0, Usage={bUsedWithStaticLighting}"
"/Game/StarterContent/Materials/M_Rock_Sandstone.M_Rock_Sandstone","49","23","0","1","209","Compiling M_Rock_Sandstone: Platform=PCD3D_SM6, Usage=LightingModel=MSM_DefaultLit, BlendMode=BLEND_Opaque, SpecialEngine=0, TwoSided=0, TSNormal=1, Masked=0, Distorted=0, WritesEveryPixel=1, ModifiesMeshPosition=0, Usage={bUsedWithStaticLighting}"
"/Game/StarterContent/Materials/M_Rock_Marble_Polished.M_Rock_Marble_Polished","49","23","0","1","170","Compiling M_Rock_Marble_Polished: Platform=PCD3D_SM6, Usage=LightingModel=MSM_DefaultLit, BlendMode=BLEND_Opaque, SpecialEngine=0, TwoSided=0, TSNormal=1, Masked=0, Distorted=0, WritesEveryPixel=1, ModifiesMeshPosition=0, Usage={bUsedWithStaticLighting}"
"/Game/StarterContent/Materials/M_CobbleStone_Smooth.M_CobbleStone_Smooth","49","23","0","1","198","Compiling M_CobbleStone_Smooth: Platform=PCD3D_SM6, Usage=LightingModel=MSM_DefaultLit, BlendMode=BLEND_Opaque, SpecialEngine=0, TwoSided=0, TSNormal=1, Masked=0, Distorted=0, WritesEveryPixel=1, ModifiesMeshPosition=0, Usage={bUsedWithStaticLighting}"
"/Game/StarterContent/Props/Materials/M_Rock.M_Rock","49","23","0","1","168","Compiling M_Rock: Platform=PCD3D_SM6, Usage=LightingModel=MSM_DefaultLit, BlendMode=BLEND_Opaque, SpecialEngine=0, TwoSided=0, TSNormal=1, Masked=0, Distorted=0, WritesEveryPixel=1, ModifiesMeshPosition=0, Usage={bUsedWithStaticLighting}"
"/Interchange/Materials/LambertSurfaceMaterial.LambertSurfaceMaterial","49","14","0","1","91","Compiling LambertSurfaceMaterial: Platform=PCD3D_SM6, Usage=LightingModel=MSM_DefaultLit, BlendMode=BLEND_Opaque, SpecialEngine=0, TwoSided=0, TSNormal=1, Masked=0, Distorted=0, WritesEveryPixel=1, ModifiesMeshPosition=0, Usage={}"
"/Interchange/Materials/OrenNayerMaterial.OrenNayerMaterial","49","15","0","1","103","Compiling OrenNayerMaterial: Platform=PCD3D_SM6, Usage=LightingModel=MSM_DefaultLit|MSM_Subsurface|MSM_ClearCoat|MSM_Cloth, BlendMode=BLEND_Opaque, SpecialEngine=0, TwoSided=0, TSNormal=1, Masked=0, Distorted=0, WritesEveryPixel=1, ModifiesMeshPosition=0, Usage={}"
"/Game/MSPresets/M_MS_Surface_Material/M_MS_Surface_Material.M_MS_Surface_Material","49","14","0","1","85","Compiling M_MS_Surface_Material: Platform=PCD3D_SM6, Usage=LightingModel=MSM_DefaultLit, BlendMode=BLEND_Opaque, SpecialEngine=0, TwoSided=0, TSNormal=1, Masked=0, Distorted=0, WritesEveryPixel=1, ModifiesMeshPosition=0, Usage={}"
"/Interchange/Materials/ThinTranslucentMaterial.ThinTranslucentMaterial","49","24","0","3","151","Compiling ThinTranslucentMaterial: Platform=PCD3D_SM6, Usage=LightingModel=MSM_ThinTranslucent, BlendMode=BLEND_Translucent, SpecialEngine=0, TwoSided=0, TSNormal=1, Masked=0, Distorted=0, WritesEveryPixel=1, ModifiesMeshPosition=0, Usage={}"
"/Interchange/gltf/M_Unlit.M_Unlit","49","18","0","1","156","Compiling M_Unlit: Platform=PCD3D_SM6, Usage=LightingModel=MSM_Unlit, BlendMode=BLEND_Masked, SpecialEngine=0, TwoSided=0, TSNormal=1, Masked=1, Distorted=0, WritesEveryPixel=0, ModifiesMeshPosition=0, Usage={}"
"/Interchange/gltf/M_Unlit.M_Unlit","49","18","0","1","142","Compiling M_Unlit: Platform=PCD3D_SM6, Usage=LightingModel=MSM_Unlit, BlendMode=BLEND_Masked, SpecialEngine=0, TwoSided=1, TSNormal=1, Masked=1, Distorted=0, WritesEveryPixel=0, ModifiesMeshPosition=0, Usage={}"
"/Interchange/Materials/SubsurfaceMaterial.SubsurfaceMaterial","49","14","0","1","87","Compiling SubsurfaceMaterial: Platform=PCD3D_SM6, Usage=LightingModel=MSM_Subsurface, BlendMode=BLEND_Opaque, SpecialEngine=0, TwoSided=0, TSNormal=1, Masked=0, Distorted=0, WritesEveryPixel=1, ModifiesMeshPosition=0, Usage={}"
"/Interchange/Materials/ClearCoatMaterial.ClearCoatMaterial","49","14","0","1","100","Compiling ClearCoatMaterial: Platform=PCD3D_SM6, Usage=LightingModel=MSM_ClearCoat, BlendMode=BLEND_Opaque, SpecialEngine=0, TwoSided=0, TSNormal=1, Masked=0, Distorted=0, WritesEveryPixel=1, ModifiesMeshPosition=0, Usage={}"
"/Interchange/Materials/SheenMaterial.SheenMaterial","49","14","0","1","106","Compiling SheenMaterial: Platform=PCD3D_SM6, Usage=LightingModel=MSM_Cloth, BlendMode=BLEND_Opaque, SpecialEngine=0, TwoSided=0, TSNormal=1, Masked=0, Distorted=0, WritesEveryPixel=1, ModifiesMeshPosition=0, Usage={}"
"/Interchange/Materials/PBRSurfaceMaterial.PBRSurfaceMaterial","49","14","0","1","89","Compiling PBRSurfaceMaterial: Platform=PCD3D_SM6, Usage=LightingModel=MSM_DefaultLit, BlendMode=BLEND_Opaque, SpecialEngine=0, TwoSided=0, TSNormal=1, Masked=0, Distorted=0, WritesEveryPixel=1, ModifiesMeshPosition=0, Usage={}"
"/Interchange/gltf/M_Transmission.M_Transmission","49","26","0","1","187","Compiling M_Transmission: Platform=PCD3D_SM6, Usage=LightingModel=MSM_ThinTranslucent, BlendMode=BLEND_Translucent, SpecialEngine=0, TwoSided=0, TSNormal=1, Masked=0, Distorted=1, WritesEveryPixel=1, ModifiesMeshPosition=0, Usage={}"
"/Interchange/gltf/M_Transmission.M_Transmission","49","28","0","1","229","Compiling M_Transmission: Platform=PCD3D_SM6, Usage=LightingModel=MSM_ThinTranslucent, BlendMode=BLEND_Translucent, SpecialEngine=0, TwoSided=1, TSNormal=1, Masked=0, Distorted=1, WritesEveryPixel=1, ModifiesMeshPosition=0, Usage={}, StaticSwitch'Using SpecularGlossiness2-1'=True"
"/Interchange/gltf/M_Transmission.M_Transmission","49","26","0","1","207","Compiling M_Transmission: Platform=PCD3D_SM6, Usage=LightingModel=MSM_ThinTranslucent, BlendMode=BLEND_Translucent, SpecialEngine=0, TwoSided=0, TSNormal=1, Masked=0, Distorted=1, WritesEveryPixel=1, ModifiesMeshPosition=0, Usage={}, StaticSwitch'Using SpecularGlossiness2-1'=True"
"/Interchange/gltf/M_Transmission.M_Transmission","49","28","0","1","240","Compiling M_Transmission: Platform=PCD3D_SM6, Usage=LightingModel=MSM_ThinTranslucent, BlendMode=BLEND_Translucent, SpecialEngine=0, TwoSided=1, TSNormal=1, Masked=0, Distorted=1, WritesEveryPixel=1, ModifiesMeshPosition=0, Usage={}, StaticSwitch'Using SpecularGlossiness2-1'=False"
"/Interchange/gltf/M_Opaque.M_Opaque","49","30","0","1","328","Compiling M_Opaque: Platform=PCD3D_SM6, Usage=LightingModel=MSM_DefaultLit|MSM_ClearCoat, BlendMode=BLEND_Masked, SpecialEngine=0, TwoSided=0, TSNormal=1, Masked=1, Distorted=0, WritesEveryPixel=0, ModifiesMeshPosition=0, Usage={}"
"/Interchange/gltf/M_Opaque.M_Opaque","49","30","0","1","337","Compiling M_Opaque: Platform=PCD3D_SM6, Usage=LightingModel=MSM_DefaultLit|MSM_ClearCoat, BlendMode=BLEND_Masked, SpecialEngine=0, TwoSided=1, TSNormal=1, Masked=1, Distorted=0, WritesEveryPixel=0, ModifiesMeshPosition=0, Usage={}, StaticSwitch'Using Clearcoat2-1'=False, StaticSwitch'Using SpecularGlossiness2-1'=True"
"/Interchange/gltf/M_Opaque.M_Opaque","49","30","0","1","265","Compiling M_Opaque: Platform=PCD3D_SM6, Usage=LightingModel=MSM_DefaultLit|MSM_ClearCoat, BlendMode=BLEND_Masked, SpecialEngine=0, TwoSided=1, TSNormal=1, Masked=1, Distorted=0, WritesEveryPixel=0, ModifiesMeshPosition=0, Usage={}, StaticSwitch'Using Clearcoat2-1'=True, StaticSwitch'Using SpecularGlossiness2-1'=True"
"/Interchange/gltf/M_Opaque.M_Opaque","49","30","0","1","221","Compiling M_Opaque: Platform=PCD3D_SM6, Usage=LightingModel=MSM_DefaultLit|MSM_ClearCoat, BlendMode=BLEND_Masked, SpecialEngine=0, TwoSided=1, TSNormal=1, Masked=1, Distorted=0, WritesEveryPixel=0, ModifiesMeshPosition=0, Usage={}, StaticSwitch'Using Clearcoat2-1'=True, StaticSwitch'Using SpecularGlossiness2-1'=False"
"/Interchange/gltf/M_Opaque.M_Opaque","49","30","0","1","232","Compiling M_Opaque: Platform=PCD3D_SM6, Usage=LightingModel=MSM_DefaultLit|MSM_ClearCoat, BlendMode=BLEND_Masked, SpecialEngine=0, TwoSided=0, TSNormal=1, Masked=1, Distorted=0, WritesEveryPixel=0, ModifiesMeshPosition=0, Usage={}, StaticSwitch'Using Clearcoat2-1'=True, StaticSwitch'Using SpecularGlossiness2-1'=True"
"/Interchange/gltf/M_Opaque.M_Opaque","49","30","0","1","212","Compiling M_Opaque: Platform=PCD3D_SM6, Usage=LightingModel=MSM_DefaultLit|MSM_ClearCoat, BlendMode=BLEND_Masked, SpecialEngine=0, TwoSided=0, TSNormal=1, Masked=1, Distorted=0, WritesEveryPixel=0, ModifiesMeshPosition=0, Usage={}, StaticSwitch'Using Clearcoat2-1'=False, StaticSwitch'Using SpecularGlossiness2-1'=True"
"/Interchange/gltf/M_Opaque.M_Opaque","49","30","0","1","175","Compiling M_Opaque: Platform=PCD3D_SM6, Usage=LightingModel=MSM_DefaultLit|MSM_ClearCoat, BlendMode=BLEND_Masked, SpecialEngine=0, TwoSided=1, TSNormal=1, Masked=1, Distorted=0, WritesEveryPixel=0, ModifiesMeshPosition=0, Usage={}, StaticSwitch'Using Clearcoat2-1'=False, StaticSwitch'Using SpecularGlossiness2-1'=False"
"/Interchange/gltf/M_Opaque.M_Opaque","49","30","0","3","232","Compiling M_Opaque: Platform=PCD3D_SM6, Usage=LightingModel=MSM_DefaultLit|MSM_ClearCoat, BlendMode=BLEND_Masked, SpecialEngine=0, TwoSided=0, TSNormal=1, Masked=1, Distorted=0, WritesEveryPixel=0, ModifiesMeshPosition=0, Usage={}, StaticSwitch'Using Clearcoat2-1'=True, StaticSwitch'Using SpecularGlossiness2-1'=False"
"/Interchange/gltf/M_Sheen.M_Sheen","49","30","0","1","308","Compiling M_Sheen: Platform=PCD3D_SM6, Usage=LightingModel=MSM_Cloth, BlendMode=BLEND_Masked, SpecialEngine=0, TwoSided=0, TSNormal=1, Masked=1, Distorted=0, WritesEveryPixel=0, ModifiesMeshPosition=0, Usage={}"
"/Interchange/gltf/M_Sheen.M_Sheen","49","30","0","1","271","Compiling M_Sheen: Platform=PCD3D_SM6, Usage=LightingModel=MSM_Cloth, BlendMode=BLEND_Masked, SpecialEngine=0, TwoSided=1, TSNormal=1, Masked=1, Distorted=0, WritesEveryPixel=0, ModifiesMeshPosition=0, Usage={}, StaticSwitch'Using SpecularGlossiness2-1'=True"
"/Interchange/gltf/M_Sheen.M_Sheen","49","30","0","1","229","Compiling M_Sheen: Platform=PCD3D_SM6, Usage=LightingModel=MSM_Cloth, BlendMode=BLEND_Masked, SpecialEngine=0, TwoSided=0, TSNormal=1, Masked=1, Distorted=0, WritesEveryPixel=0, ModifiesMeshPosition=0, Usage={}, StaticSwitch'Using SpecularGlossiness2-1'=True"
"/Interchange/gltf/M_Sheen.M_Sheen","49","30","0","2","290","Compiling M_Sheen: Platform=PCD3D_SM6, Usage=LightingModel=MSM_Cloth, BlendMode=BLEND_Masked, SpecialEngine=0, TwoSided=1, TSNormal=1, Masked=1, Distorted=0, WritesEveryPixel=0, ModifiesMeshPosition=0, Usage={}, StaticSwitch'Using SpecularGlossiness2-1'=False"
"/Interchange/gltf/M_Translucent.M_Translucent","49","24","0","1","166","Compiling M_Translucent: Platform=PCD3D_SM6, Usage=LightingModel=MSM_DefaultLit|MSM_ClearCoat, BlendMode=BLEND_Translucent, SpecialEngine=0, TwoSided=0, TSNormal=1, Masked=0, Distorted=0, WritesEveryPixel=1, ModifiesMeshPosition=0, Usage={}"
"/Interchange/gltf/M_Translucent.M_Translucent","49","26","0","1","193","Compiling M_Translucent: Platform=PCD3D_SM6, Usage=LightingModel=MSM_DefaultLit|MSM_ClearCoat, BlendMode=BLEND_Translucent, SpecialEngine=0, TwoSided=1, TSNormal=1, Masked=0, Distorted=0, WritesEveryPixel=1, ModifiesMeshPosition=0, Usage={}, StaticSwitch'Using Clearcoat2-1'=False, StaticSwitch'Using SpecularGlossiness2-1'=True"
"/Interchange/gltf/M_Translucent.M_Translucent","49","26","0","1","206","Compiling M_Translucent: Platform=PCD3D_SM6, Usage=LightingModel=MSM_DefaultLit|MSM_ClearCoat, BlendMode=BLEND_Translucent, SpecialEngine=0, TwoSided=1, TSNormal=1, Masked=0, Distorted=0, WritesEveryPixel=1, ModifiesMeshPosition=0, Usage={}, StaticSwitch'Using Clearcoat2-1'=True, StaticSwitch'Using SpecularGlossiness2-1'=True"
"/Interchange/gltf/M_Translucent.M_Translucent","49","24","0","2","192","Compiling M_Translucent: Platform=PCD3D_SM6, Usage=LightingModel=MSM_DefaultLit|MSM_ClearCoat, BlendMode=BLEND_Translucent, SpecialEngine=0, TwoSided=0, TSNormal=1, Masked=0, Distorted=0, WritesEveryPixel=1, ModifiesMeshPosition=0, Usage={}, StaticSwitch'Using Clearcoat2-1'=True, StaticSwitch'Using SpecularGlossiness2-1'=True"
"/Interchange/gltf/M_Translucent.M_Translucent","49","24","0","1","181","Compiling M_Translucent: Platform=PCD3D_SM6, Usage=LightingModel=MSM_DefaultLit|MSM_ClearCoat, BlendMode=BLEND_Translucent, SpecialEngine=0, TwoSided=0, TSNormal=1, Masked=0, Distorted=0, WritesEveryPixel=1, ModifiesMeshPosition=0, Usage={}, StaticSwitch'Using Clearcoat2-1'=False, StaticSwitch'Using SpecularGlossiness2-1'=True"
"/Interchange/gltf/M_Translucent.M_Translucent","49","26","0","2","204","Compiling M_Translucent: Platform=PCD3D_SM6, Usage=LightingModel=MSM_DefaultLit|MSM_ClearCoat, BlendMode=BLEND_Translucent, SpecialEngine=0, TwoSided=1, TSNormal=1, Masked=0, Distorted=0, WritesEveryPixel=1, ModifiesMeshPosition=0, Usage={}, StaticSwitch'Using Clearcoat2-1'=False, StaticSwitch'Using SpecularGlossiness2-1'=False"
"/Interchange/gltf/M_Translucent.M_Translucent","49","26","0","1","188","Compiling M_Translucent: Platform=PCD3D_SM6, Usage=LightingModel=MSM_DefaultLit|MSM_ClearCoat, BlendMode=BLEND_Translucent, SpecialEngine=0, TwoSided=1, TSNormal=1, Masked=0, Distorted=0, WritesEveryPixel=1, ModifiesMeshPosition=0, Usage={}, StaticSwitch'Using Clearcoat2-1'=True, StaticSwitch'Using SpecularGlossiness2-1'=False"
"/Interchange/gltf/M_Translucent.M_Translucent","49","24","0","1","166","Compiling M_Translucent: Platform=PCD3D_SM6, Usage=LightingModel=MSM_DefaultLit|MSM_ClearCoat, BlendMode=BLEND_Translucent, SpecialEngine=0, TwoSided=0, TSNormal=1, Masked=0, Distorted=0, WritesEveryPixel=1, ModifiesMeshPosition=0, Usage={}, StaticSwitch'Using Clearcoat2-1'=True, StaticSwitch'Using SpecularGlossiness2-1'=False"
"/ControlRig/Controls/ControlRigGizmoMaterial.ControlRigGizmoMaterial","49","0","0","4","0","Compiling ControlRigGizmoMaterial: Platform=PCD3D_SM6, Usage=LightingModel=MSM_Unlit, BlendMode=BLEND_Opaque, SpecialEngine=0, TwoSided=0, TSNormal=1, Masked=0, Distorted=0, WritesEveryPixel=1, ModifiesMeshPosition=0, Usage={}"
"/ControlRig/Controls/ControlRigXRayMaterial.ControlRigXRayMaterial","49","0","0","9","0","Compiling ControlRigXRayMaterial: Platform=PCD3D_SM6, Usage=LightingModel=MSM_Unlit, BlendMode=BLEND_Translucent, SpecialEngine=0, TwoSided=0, TSNormal=1, Masked=0, Distorted=0, WritesEveryPixel=1, ModifiesMeshPosition=1, Usage={bUsedWithStaticLighting}"
"/MeshModelingToolset/Materials/M_DynamicMeshComponentVtxColor.M_DynamicMeshComponentVtxColor","49","0","0","18","0","Compiling M_DynamicMeshComponentVtxColor: Platform=PCD3D_SM6, Usage=LightingModel=MSM_DefaultLit, BlendMode=BLEND_Opaque, SpecialEngine=0, TwoSided=1, TSNormal=1, Masked=0, Distorted=0, WritesEveryPixel=1, ModifiesMeshPosition=0, Usage={}"
"/Paper2D/DefaultSpriteMaterial.DefaultSpriteMaterial","49","0","0","38","0","Compiling DefaultSpriteMaterial: Platform=PCD3D_SM6, Usage=LightingModel=MSM_Unlit, BlendMode=BLEND_Masked, SpecialEngine=0, TwoSided=1, TSNormal=1, Masked=1, Distorted=0, WritesEveryPixel=0, ModifiesMeshPosition=0, Usage={bUsedWithNiagaraSprites}"
"/Paper2D/DefaultSpriteMaterial.DefaultSpriteMaterial","49","0","0","12","0","Compiling DefaultSpriteMaterial: Platform=PCD3D_SM6, Usage=LightingModel=MSM_Unlit, BlendMode=BLEND_Opaque, SpecialEngine=0, TwoSided=1, TSNormal=1, Masked=0, Distorted=0, WritesEveryPixel=1, ModifiesMeshPosition=0, Usage={bUsedWithNiagaraSprites}"
"/ControlRig/M_Manip.M_Manip","49","0","0","9","0","Compiling M_Manip: Platform=PCD3D_SM6, Usage=LightingModel=MSM_Unlit, BlendMode=BLEND_Translucent, SpecialEngine=0, TwoSided=0, TSNormal=1, Masked=0, Distorted=0, WritesEveryPixel=1, ModifiesMeshPosition=1, Usage={}"
"/SpeedTreeImporter/SpeedTree9/SpeedTreeBillboardMaster.SpeedTreeBillboardMaster","49","0","0","62","0","Compiling SpeedTreeBillboardMaster: Platform=PCD3D_SM6, Usage=LightingModel=MSM_TwoSidedFoliage, BlendMode=BLEND_Masked, SpecialEngine=0, TwoSided=0, TSNormal=1, Masked=1, Distorted=0, WritesEveryPixel=0, ModifiesMeshPosition=1, Usage={bUsedWithInstancedStaticMeshes}"
"/SpeedTreeImporter/SpeedTree9/SpeedTreeMaster.SpeedTreeMaster","49","0","0","88","0","Compiling SpeedTreeMaster: Platform=PCD3D_SM6, Usage=LightingModel=MSM_TwoSidedFoliage, BlendMode=BLEND_Masked, SpecialEngine=0, TwoSided=1, TSNormal=1, Masked=1, Distorted=0, WritesEveryPixel=0, ModifiesMeshPosition=1, Usage={bUsedWithStaticLighting,bUsedWithInstancedStaticMeshes}"
"/Game/Characters/Mannequins/Materials/M_Mannequin.M_Mannequin","49","0","0","32","0","Compiling M_Mannequin: Platform=PCD3D_SM6, Usage=LightingModel=MSM_ClearCoat, BlendMode=BLEND_Opaque, SpecialEngine=0, TwoSided=0, TSNormal=1, Masked=0, Distorted=0, WritesEveryPixel=1, ModifiesMeshPosition=0, Usage={bUsedWithSkeletalMesh}"
"/Game/Characters/Mannequins/Materials/M_Mannequin.M_Mannequin","49","0","0","32","0","Compiling M_Mannequin: Platform=PCD3D_SM6, Usage=LightingModel=MSM_ClearCoat, BlendMode=BLEND_Opaque, SpecialEngine=0, TwoSided=0, TSNormal=1, Masked=0, Distorted=0, WritesEveryPixel=1, ModifiesMeshPosition=0, Usage={bUsedWithSkeletalMesh}, StaticSwitch'UseLogo2-1'=True"
"/Water/Materials/WaterInfo/DrawWaterInfo.DrawWaterInfo","49","8","0","4","29","Compiling DrawWaterInfo: Platform=PCD3D_SM6, Usage=LightingModel=MSM_Unlit, BlendMode=BLEND_Opaque, SpecialEngine=0, TwoSided=0, TSNormal=1, Masked=0, Distorted=0, WritesEveryPixel=1, ModifiesMeshPosition=0, Usage={bUsedWithSplineMeshes}"
"/Game/MSPresets/M_MS_Default_Fuzz_Material/M_MS_Default_Fuzz_Material.M_MS_Default_Fuzz_Material","49","23","0","4","95","Compiling M_MS_Default_Fuzz_Material: Platform=PCD3D_SM6, Usage=LightingModel=MSM_Cloth, BlendMode=BLEND_Opaque, SpecialEngine=0, TwoSided=0, TSNormal=1, Masked=0, Distorted=0, WritesEveryPixel=1, ModifiesMeshPosition=0, Usage={bUsedWithNanite}"
"/Engine/EngineMaterials/WorldGridMaterial.WorldGridMaterial","49","936","0","8","52655","Compiling WorldGridMaterial: Platform=PCD3D_SM6, Usage=LightingModel=MSM_DefaultLit, BlendMode=BLEND_Opaque, SpecialEngine=1, TwoSided=0, TSNormal=1, Masked=0, Distorted=0, WritesEveryPixel=1, ModifiesMeshPosition=0, Usage={}"
"/Game/Assets/Material_007.Material_007","49","14","0","2","37","Compiling Material_007: Platform=PCD3D_SM6, Usage=LightingModel=MSM_DefaultLit, BlendMode=BLEND_Opaque, SpecialEngine=0, TwoSided=0, TSNormal=1, Masked=0, Distorted=0, WritesEveryPixel=1, ModifiesMeshPosition=0, Usage={}"
"/Game/Assets/Material_008.Material_008","49","14","0","5","34","Compiling Material_008: Platform=PCD3D_SM6, Usage=LightingModel=MSM_DefaultLit, BlendMode=BLEND_Opaque, SpecialEngine=0, TwoSided=0, TSNormal=1, Masked=0, Distorted=0, WritesEveryPixel=1, ModifiesMeshPosition=0, Usage={}"
